<environmentvariabledefinition schemaname="cr756_Envname">
  <defaultvalue>Dev</defaultvalue>
  <description default="test">
    <label description="test" languagecode="1033" />
  </description>
  <displayname default="Envname">
    <label description="Envname" languagecode="1033" />
  </displayname>
  <introducedversion>1.0.0.0</introducedversion>
  <iscustomizable>1</iscustomizable>
  <isrequired>0</isrequired>
  <secretstore>0</secretstore>
  <type>100000000</type>
</environmentvariabledefinition>